ticker,cusip,isin,security_name,asset_class,sub_asset_class,sector,security_type,exchange,currency,issuer,country,inception_date,expense_ratio,dividend_yield,market_cap_category,is_esg,risk_rating,benchmark_index,description,is_active
AAPL,037833100,US0378331005,Apple Inc,US Equity,Large Cap Growth,Technology,Equity,NASDAQ,USD,Apple Inc,US,1980-12-12,,0.0055,Large Cap,FALSE,3,S&P 500,Consumer electronics and software conglomerate,TRUE
MSFT,594918104,US5949181045,Microsoft Corp,US Equity,Large Cap Growth,Technology,Equity,NASDAQ,USD,Microsoft Corp,US,1986-03-13,,0.0082,Large Cap,TRUE,3,S&P 500,Enterprise software and cloud computing,TRUE
JNJ,478160104,US4781601046,Johnson & Johnson,US Equity,Large Cap Value,Healthcare,Equity,NYSE,USD,Johnson & Johnson,US,1944-09-25,,0.0295,Large Cap,TRUE,2,S&P 500,Diversified healthcare and pharmaceuticals,TRUE
JPM,46625H100,US46625H1005,JPMorgan Chase & Co,US Equity,Large Cap Value,Financials,Equity,NYSE,USD,JPMorgan Chase & Co,US,1969-03-05,,0.0248,Large Cap,FALSE,3,S&P 500,Global financial services and investment banking,TRUE
VTI,922908769,US9229087690,Vanguard Total Stock Market ETF,US Equity,Broad Market,Broad Market,ETF,NYSE Arca,USD,Vanguard,US,2001-05-24,0.0003,0.0139,Multi Cap,TRUE,3,CRSP US Total Market Index,Total US equity market exposure,TRUE
VXUS,921937835,US9219378356,Vanguard Total Intl Stock ETF,International Equity,Broad Market,Broad Market,ETF,NASDAQ,USD,Vanguard,US,2011-01-26,0.0007,0.0312,Multi Cap,TRUE,4,FTSE Global All Cap ex US Index,Total international equity exposure excluding US,TRUE
VWO,922042858,US9220428588,Vanguard FTSE Emerging Mkts,Emerging Markets,Broad Market,Broad Market,ETF,NYSE Arca,USD,Vanguard,US,2005-03-04,0.0008,0.0329,Multi Cap,FALSE,5,FTSE Emerging Markets All Cap China A Index,Emerging markets equity exposure,TRUE
VGT,922908785,US9229087856,Vanguard Info Tech ETF,US Equity,Sector,Technology,ETF,NYSE Arca,USD,Vanguard,US,2004-01-26,0.0010,0.0068,Multi Cap,FALSE,4,MSCI US IMI Info Tech 25/50,US information technology sector,TRUE
VHT,922908793,US9229087930,Vanguard Health Care ETF,US Equity,Sector,Healthcare,ETF,NYSE Arca,USD,Vanguard,US,2004-01-26,0.0010,0.0132,Multi Cap,TRUE,3,MSCI US IMI Health Care 25/50,US healthcare sector,TRUE
VNQ,922908819,US9229088195,Vanguard Real Estate ETF,Real Estate,REIT,REIT,ETF,NYSE Arca,USD,Vanguard,US,2004-09-23,0.0012,0.0367,Multi Cap,FALSE,4,MSCI US IMI Real Estate 25/50,US real estate investment trusts,TRUE
BND,921937843,US9219378430,Vanguard Total Bond Market ETF,Fixed Income,Broad Market,Broad Market,ETF,NASDAQ,USD,Vanguard,US,2007-04-03,0.0003,0.0336,N/A,TRUE,2,Bloomberg US Aggregate Float Adjusted Index,US investment-grade bond market,TRUE
SCHZ,808524805,US8085248052,Schwab US Agg Bond ETF,Fixed Income,Broad Market,Broad Market,ETF,NYSE Arca,USD,Charles Schwab,US,2011-07-14,0.0003,0.0345,N/A,FALSE,2,Bloomberg US Aggregate Bond Index,US investment-grade bond market,TRUE
VTIP,922020805,US9220208056,Vanguard Short-Term TIPS,Fixed Income,Inflation Protected,Inflation Protected,ETF,NASDAQ,USD,Vanguard,US,2012-10-12,0.0004,0.0498,N/A,TRUE,1,Bloomberg US TIPS 0-5 Year Index,Short-term inflation-protected Treasuries,TRUE
GLD,78463V907,US78463V9073,SPDR Gold Shares,Alternatives,Commodities,Commodities,ETF,NYSE Arca,USD,State Street,US,2004-11-18,0.0040,0.0000,N/A,FALSE,4,LBMA Gold Price,Physical gold bullion exposure,TRUE
CASH,000000000,,Cash & Equivalents,Cash,Money Market,Cash,Cash,,,,,,,0.0000,N/A,TRUE,1,,Cash and money market balances,TRUE
